{
  "faq": [
    {
      "id": "repair_types",
      "question": "Какие виды ремонта одежды вы выполняете?",
      "answer": "Здравствуйте! Мы выполняем все виды ремонта: подшив, замену молний и пуговиц, ушивание и расширение одежды, штопку, реставрацию, ремонт карманов и подкладки. Если у вас особый случай — просто опишите, и мы подскажем! 😊"
    },
    {
      "id": "leather_shoes",
      "question": "Ремонтируете ли вы кожаные изделия и обувь?",
      "answer": "Да, работаем с кожаными куртками, сумками и аксессуарами! С обувью, к сожалению, не работаем — специализируемся именно на одежде. Но с радостью помогу найти хорошего обувного мастера поблизости! 👞"
    },
    {
      "id": "jeans_hem",
      "question": "Можно ли у вас подшить джинсы/брюки?",
      "answer": "Конечно! Подшив джинсов и брюк — одна из наших самых частых услуг. Можем сохранить оригинальный шов или сделать обычный подгиб. Приходите, сделаем быстро и аккуратно! ✂️"
    },
    {
      "id": "zipper_repair",
      "question": "Делаете ли вы ремонт молний на куртках?",
      "answer": "Да, меняем молнии на куртках, толстовках, сумках и других изделиях. Подберем качественную фурнитуру под цвет и стиль вашей вещи. Обычно это занимает 2-3 дня! 🧵"
    },
    {
      "id": "outerwear",
      "question": "Занимаетесь ли вы ремонтом верхней одежды (пальто, пуховики)?",
      "answer": "Конечно! Ремонтируем пальто, пуховики, куртки — меняем подкладку, молнии, зашиваем порезы и дыры. Ваша любимая вещь прослужит ещё долго! ❄️"
    },
    {
      "id": "custom_sewing",
      "question": "Шьете ли вы одежду на заказ или только ремонт?",
      "answer": "Сейчас мы специализируемся на ремонте и подгонке одежды по фигуре. Пошив на заказ не делаем, но если нужно что-то переделать или ушить — это к нам! 👗"
    },
    {
      "id": "price_hem",
      "question": "Сколько стоит подшить брюки?",
      "answer": "Подшив брюк стоит от 300 рублей, в зависимости от ткани и сложности. Джинсы с сохранением фабричного шва — от 400 рублей. Точную цену скажем после осмотра! 💰"
    },
    {
      "id": "price_zipper",
      "question": "Какая цена замены молнии на куртке?",
      "answer": "Замена молнии на куртке — от 800 до 1500 рублей, в зависимости от длины и типа изделия. В стоимость входит фурнитура и работа. Если молния длинная или на пуховике — может быть чуть дороже! 🧥"
    },
    {
      "id": "price_calculation",
      "question": "Как рассчитывается стоимость ремонта?",
      "answer": "Стоимость зависит от сложности работы, типа ткани и затраченного времени. Простые операции имеют фиксированную цену, сложные случаи оцениваем индивидуально после осмотра вещи. Всё прозрачно и честно! 📋"
    },
    {
      "id": "price_by_photo",
      "question": "Можно ли узнать предварительную стоимость по фото?",
      "answer": "Да, можете прислать фото, и я дам примерную оценку! Но точную стоимость сможем назвать только после осмотра вещи в мастерской, так как важны детали: тип ткани, состояние швов и т.д. 📸"
    },
    {
      "id": "payment_methods",
      "question": "Какие способы оплаты вы принимаете?",
      "answer": "Принимаем наличные, переводы по карте и СБП, оплату через QR-код. Выбирайте удобный для вас способ! Чек или квитанцию выдаём обязательно! 💳"
    },
    {
      "id": "prepayment",
      "question": "Нужна ли предоплата?",
      "answer": "Для стандартного ремонта предоплата не нужна — оплата при получении готовой вещи. Предоплата 50% требуется только при заказе дорогой фурнитуры или сложной реставрации. Мы всегда предупреждаем заранее! ✅"
    },
    {
      "id": "simple_repair_time",
      "question": "Как быстро можно сделать простой ремонт?",
      "answer": "Простой ремонт (подшив, замена пуговицы, мелкая штопка) делаем за 1-2 дня. Иногда, если не загружены, можем сделать даже в день обращения! Звоните, уточним! ⚡"
    },
    {
      "id": "complex_repair_time",
      "question": "Какие сроки выполнения сложного ремонта?",
      "answer": "Сложный ремонт (замена подкладки, молний, реставрация) занимает 3-7 дней. Всё зависит от объёма работы и текущей загруженности. Точный срок назовём при приёме заказа! 📅"
    },
    {
      "id": "urgent_service",
      "question": "Есть ли срочный ремонт и сколько он стоит?",
      "answer": "Да, есть срочное выполнение за 24 часа! Доплата составляет +50% к стоимости работы. Но учтите, что это возможно только для несложных операций и при наличии свободного окна в графике! 🚀"
    },
    {
      "id": "same_day_pickup",
      "question": "Можно ли забрать вещь в тот же день?",
      "answer": "Если ремонт очень простой и мы не загружены — возможно! Позвоните заранее, опишите задачу, и мастер скажет, успеем ли. Обычно это касается замены пуговиц или быстрого подшива! ⏰"
    },
    {
      "id": "location",
      "question": "Где находится ваша мастерская?",
      "answer": "Мы находимся по адресу: ул. Примерная, д. 42, офис 5, Москва. Ориентир — рядом с метро Красные ворота, Комсомольская, Проспект Мира. Карту могу отправить! 📍"
    },
    {
      "id": "working_hours",
      "question": "Какой у вас режим работы?",
      "answer": "Работаем с понедельника по пятницу с 10:00 до 19:00, в субботу с 11:00 до 16:00. Воскресенье — выходной. Лучше позвонить перед визитом, чтобы мастер точно был на месте! 🕐"
    },
    {
      "id": "weekends",
      "question": "Работаете ли вы в выходные дни?",
      "answer": "В субботу работаем до 16:00, воскресенье — выходной. Если очень срочно, можем договориться об индивидуальном визите, но лучше планировать на будние дни! 📆"
    },
    {
      "id": "directions",
      "question": "Как до вас добраться?",
      "answer": "От метро (Красные ворота, Комсомольская, Проспект Мира) — 5-10 минут пешком. На машине удобно припарковаться у здания. Могу отправить точную локацию в картах! 🚶"
    },
    {
      "id": "order_process",
      "question": "Как оформить заказ?",
      "answer": "Всё просто! Приносите вещь в мастерскую, мастер осмотрит её, назовёт цену и срок. Заполним квитанцию, и вы получите свой экземпляр. Когда работа будет готова — позвоним или напишем! 📝"
    },
    {
      "id": "courier_delivery",
      "question": "Нужно ли приезжать лично или можно отправить курьером?",
      "answer": "Можно отправить с курьером или попросить кого-то привезти. Главное — опишите подробно, что нужно сделать, оставьте контакты для связи. Но лично удобнее — сразу всё обсудим! 🚗"
    },
    {
      "id": "order_status",
      "question": "Как я узнаю, что мой заказ готов?",
      "answer": "Обязательно позвоним или напишем в Telegram/WhatsApp, как только работа будет выполнена! Вы также можете сами уточнить статус в любое время — всегда на связи! 📱"
    },
    {
      "id": "receipt",
      "question": "Выдаете ли вы квитанцию/чек?",
      "answer": "Да, обязательно! При приёме заказа выдаём квитанцию с описанием работы, стоимостью и сроком. При выдаче готовой вещи — чек об оплате. Всё документально! 🧾"
    },
    {
      "id": "warranty",
      "question": "Какая гарантия на выполненную работу?",
      "answer": "Даём гарантию 30 дней на все виды ремонта. Если что-то разошлось или отвалилось — переделаем бесплатно! Качество работы для нас очень важно! 🛡️"
    },
    {
      "id": "unsatisfied",
      "question": "Что делать, если результат не устроит?",
      "answer": "Если что-то не так — сразу говорите! Мы всегда идём навстречу и готовы переделать или исправить бесплатно. Ваше удовлетворение — наша цель! Работаем до тех пор, пока вы не будете довольны! 😊"
    },
    {
      "id": "fit_alterations",
      "question": "Можете ли вы ушить/расширить одежду по фигуре?",
      "answer": "Конечно! Ушиваем и расширяем платья, брюки, рубашки, юбки. Сделаем так, чтобы вещь сидела идеально! Желательно прийти на примерку, чтобы точно подогнать по фигуре! 👔"
    },
    {
      "id": "restoration",
      "question": "Делаете ли вы реставрацию старой одежды?",
      "answer": "Да, занимаемся реставрацией! Зашиваем дыры, восстанавливаем потёртости, меняем изношенные детали. Любимые вещи получат вторую жизнь! Покажите, что нужно восстановить, и мы оценим возможности! 🧵"
    },
    {
      "id": "wedding_dresses",
      "question": "Ремонтируете ли свадебные и вечерние платья?",
      "answer": "Да, работаем с нарядными платьями! Подгоняем по фигуре, меняем молнии, восстанавливаем декор. Понимаем, насколько важно, чтобы платье выглядело безупречно! Обращайтесь заранее, чтобы всё успеть! 👰"
    },
    {
      "id": "dry_cleaning",
      "question": "Есть ли у вас услуга химчистки?",
      "answer": "Химчистку не делаем — специализируемся именно на ремонте. Но могу порекомендовать проверенную химчистку поблизости, с которой сотрудничаем! 🧼"
    }
  ]
}
