{
  "categories": {
    "knit_repair": {
      "name": "Ремонт трикотажа",
      "emoji": "🧶",
      "services": [
        {
          "name": "Устранение затяжек и дыр",
          "price": "от 800–1200 (в зависимости от размера повреждения)"
        },
        {
          "name": "Восстановление швов",
          "price": "от 900"
        },
        {
          "name": "Замена манжет или воротника",
          "price": "от 1800–2100"
        }
      ]
    },
    "leather_repair": {
      "name": "Ремонт кожаных изделий",
      "emoji": "🎒",
      "services": [
        {
          "name": "Замена молнии",
          "price": "от 2000"
        },
        {
          "name": "Устранение порезов и разрывов",
          "price": "от 500 за см"
        },
        {
          "name": "Замена подкладки",
          "price": "от 2500"
        }
      ]
    },
    "fur_repair": {
      "name": "Ремонт меховых изделий",
      "emoji": "🦊",
      "services": [
        {
          "name": "Устранение разрывов",
          "price": "от 370 за см²"
        },
        {
          "name": "Замена крючков/петель",
          "price": "от 600 за пару"
        },
        {
          "name": "Чистка шубы",
          "price": "от 7000"
        }
      ]
    },
    "outerwear": {
      "name": "Работа с верхней одеждой",
      "emoji": "🧥",
      "services": [
        {
          "name": "Замена молнии на куртке",
          "price": "от 1500–1800"
        },
        {
          "name": "Укорачивание низа",
          "price": "от 1400–2300 (в зависимости от модели)"
        },
        {
          "name": "Замена подкладки",
          "price": "от 2500–6400"
        }
      ]
    },
    "alterations": {
      "name": "Подгонка по фигуре",
      "emoji": "📏",
      "services": [
        {
          "name": "Ушивание/расшивание брюк",
          "price": "от 2000"
        },
        {
          "name": "Коррекция пиджака",
          "price": "от 3500"
        },
        {
          "name": "Изменение длины рукавов",
          "price": "от 1750"
        }
      ]
    },
    "small_repairs": {
      "name": "Мелкий ремонт",
      "emoji": "✂️",
      "services": [
        {
          "name": "Пришивание пуговиц",
          "price": "от 200–250 за штуку"
        },
        {
          "name": "Замена кнопок/заклепок",
          "price": "от 340"
        },
        {
          "name": "Установка заплаток",
          "price": "от 700–1000"
        }
      ]
    },
    "darning": {
      "name": "Художественная штопка",
      "emoji": "🎨",
      "services": [
        {
          "name": "Штопка трикотажа",
          "price": "от 800"
        },
        {
          "name": "Штопка джинсов",
          "price": "от 2500"
        }
      ]
    },
    "urgent": {
      "name": "Срочные услуги",
      "emoji": "⚡",
      "services": [
        {
          "name": "Срочный ремонт (наценка за ускорение)",
          "price": "+50% к стоимости услуги"
        }
      ]
    }
  }
}
