{
  "services": {
    "hem": {
      "name": "Подшить брюки/юбку",
      "emoji": "👖",
      "prices": {
        "simple_hem": "300₽",
        "with_factory_seam": "500₽"
      },
      "duration": "2-3 рабочих дня"
    },
    "zipper": {
      "name": "Заменить молнию",
      "emoji": "🔌",
      "prices": {
        "simple": "400₽",
        "premium": "800₽",
        "jacket": "1500-1800₽",
        "leather": "2000₽"
      },
      "duration": "2-3 дня"
    },
    "alter": {
      "name": "Ушить/расширить",
      "emoji": "📏",
      "prices": {
        "side_seam": "500-700₽",
        "expand": "600-1000₽",
        "sleeves": "400-500₽",
        "belly_back": "400₽",
        "pants_tailoring": "2000₽",
        "jacket_correction": "3500₽"
      },
      "duration": "3-5 дней"
    },
    "buttons": {
      "name": "Пришить пуговицы",
      "emoji": "🔘",
      "prices": {
        "one_button": "100₽",
        "few_buttons": "200₽",
        "all_buttons": "договоренность"
      },
      "duration": "1 рабочий день"
    },
    "patch": {
      "name": "Заплатка/заштопать",
      "emoji": "🩹",
      "prices": {
        "hidden_seam": "300₽",
        "decorative": "400₽",
        "large_hole": "600₽",
        "knit_darning": "800₽",
        "jeans_darning": "2500₽"
      },
      "duration": "2-3 дня"
    },
    "custom": {
      "name": "Индивидуальный пошив",
      "emoji": "👗",
      "prices": {
        "minimum": "1000₽",
        "dress": "договоренность",
        "blouse": "договоренность",
        "skirt": "договоренность"
      },
      "duration": "7-14 дней"
    }
  },
  "additional_services": {
    "knit_repair": {
      "name": "Ремонт трикотажа",
      "services": {
        "snags_holes": "800-1200₽",
        "seam_restoration": "900₽",
        "cuff_collar_replacement": "1800-2100₽"
      }
    },
    "leather_repair": {
      "name": "Ремонт кожаных изделий",
      "services": {
        "zipper_replacement": "2000₽",
        "cuts_tears": "500₽ за см",
        "lining_replacement": "2500₽"
      }
    },
    "fur_repair": {
      "name": "Ремонт меховых изделий",
      "services": {
        "tears": "370₽ за см²",
        "hooks_loops": "600₽ за пару",
        "fur_cleaning": "7000₽"
      }
    },
    "outerwear_repair": {
      "name": "Работа с верхней одеждой",
      "services": {
        "zipper": "1500-1800₽",
        "hem_shortening": "1400-2300₽",
        "lining": "2500-6400₽"
      }
    },
    "emergency_service": {
      "name": "Срочные услуги",
      "description": "Выполнение в течение 24 часов",
      "surcharge": "+50% к стоимости работы"
    }
  },
  "guarantees": {
    "warranty": "30 дней на все виды ремонта",
    "quality": "Пересделаем бесплатно, если не устраивает",
    "materials": "Только качественные материалы и нитки"
  }
}
