{
  "address": "г. Москва, ул. Маршала Федоренко, д. 12, 1 этаж",
  "metro": [],
  "metro_distance": "",
  "phone_main": "+7 (968) 396-91-52",
  "phone_backup": "",
  "phone_whatsapp": "+7 (968) 396-91-52",
  "fax": "",
  "email": "",
  "instagram": "",
  "vk": "",
  "working_hours": {
    "monday_thursday": "10:00 - 19:50",
    "friday": "10:00 - 19:00",
    "saturday": "10:00 - 17:00",
    "sunday": "Выходной"
  },
  "parking": "Припаркуйтесь рядом с зданием",
  "appointment_required": false,
  "max_consultation_time": "15 минут"
}
